q_config,median,std,median_std,label
none,88.16932383471587,1.8058087577143578,88.1693 ± 1.8058,none
nx1,86.02860740020695,1.1277643790816718,86.0286 ± 1.1278,nx1
3x3,85.88895718029625,0.9650006216625227,85.8890 ± 0.9650,3x3
2x2,85.77755596501498,1.0745196059038706,85.7776 ± 1.0745,2x2
1xn,50.0,0.0,50.0000 ± 0.0000,1xn
