q_config,channels_out,median,std,median_std,label
quantum,[6],86.22395815410235,8.844697823577796,86.2240 ± 8.8447,"quantum, [6]"
quantum,[7],86.11038093137029,9.058926586317076,86.1104 ± 9.0589,"quantum, [7]"
quantum,[4],86.01184362778415,8.72146254983845,86.0118 ± 8.7215,"quantum, [4]"
quantum,[5],85.55078401409322,9.316027249766831,85.5508 ± 9.3160,"quantum, [5]"
quantum,[2],85.4401550929991,9.368437448212115,85.4402 ± 9.3684,"quantum, [2]"
