quantum,U3_layers,entangling_layers,median,std,median_std,label
True,2,2,91.85814649632138,0.19911392799203909,91.8581 ± 0.1991,"True, 2, 2"
True,0,2,91.82137923462662,0.2518947035703943,91.8214 ± 0.2519,"True, 0, 2"
False,0,0,91.8002038913124,0.23581735566270154,91.8002 ± 0.2358,"False, 0, 0"
True,0,0,91.75087963901747,0.28382605400365846,91.7509 ± 0.2838,"True, 0, 0"
True,2,0,91.74018278038652,0.22789472900306262,91.7402 ± 0.2279,"True, 2, 0"
