channels_out,median,std,median_std,label
[8],92.45363021190845,0.18631868002159843,92.4536 ± 0.1863,[8]
[7],92.4363346249909,0.20793499154306333,92.4363 ± 0.2079,[7]
[6],92.41765639078133,0.19846846233946552,92.4177 ± 0.1985,[6]
[3],92.35926495549808,0.19552745364897373,92.3593 ± 0.1955,[3]
[4],91.353687708012,1.1977253446033462,91.3537 ± 1.1977,[4]
