parallel,median,std,median_std,label
2,91.98089843598575,0.3236670359201508,91.9809 ± 0.3237,2
3,91.73062294694762,0.38811831673065,91.7306 ± 0.3881,3
4,91.59378017596535,0.2640108713191217,91.5938 ± 0.2640,4
1,91.27039921100553,0.20225780973340307,91.2704 ± 0.2023,1
