q_stride,median,std,median_std,label
8,91.94032899201554,0.2550055670034008,91.9403 ± 0.2550,8
4,91.89847140324757,0.32605568853333283,91.8985 ± 0.3261,4
2,91.8828417984332,0.28808267657882125,91.8828 ± 0.2881,2
1,91.681807207936,0.29476081529264114,91.6818 ± 0.2948,1
