selection_amount,median,std,median_std,label
25,94.27442504108728,0.39552288757894205,94.2744 ± 0.3955,25
