q_config,median,std,median_std,label
none,88.70624892723299,1.1926390205741162,88.7062 ± 1.1926,none
3x3,81.00821564327666,3.5358078974294185,81.0082 ± 3.5358,3x3
2x2,75.33100979200734,7.719122543193683,75.3310 ± 7.7191,2x2
nx1,74.17751593009143,8.208776662712902,74.1775 ± 8.2088,nx1
