special_cls,median,std,median_std,label
false,91.94702225714411,0.3061753177897709,91.9470 ± 0.3062,false
full_projection,91.88163997110323,0.2824212901181419,91.8816 ± 0.2824,full_projection
replace_attention,91.79939767768377,0.2269554762442755,91.7994 ± 0.2270,replace_attention
partial_projection,91.69854108490247,0.25381741095653415,91.6985 ± 0.2538,partial_projection
