selection_amount,median,std,median_std,label
25,91.89757416402594,0.2453814413369278,91.8976 ± 0.2454,25
30,91.83841769704135,0.3466943297804589,91.8384 ± 0.3467,30
20,91.79853100619269,0.3001271205016413,91.7985 ± 0.3001,20
15,91.77155387950967,0.23595425806198422,91.7716 ± 0.2360,15
49,91.75192431786498,0.33209415363498346,91.7519 ± 0.3321,49
