quantum,U3_layers,entangling_layers,median,std,median_std,label
False,False,False,92.04049352850257,0.24586650285115216,92.0405 ± 0.2459,"False, False, False"
True,False,True,92.01721306556246,0.3026169995190032,92.0172 ± 0.3026,"True, False, True"
True,True,False,92.00215653106659,0.2337269800611317,92.0022 ± 0.2337,"True, True, False"
True,True,True,91.93124296906734,0.22580048253964066,91.9312 ± 0.2258,"True, True, True"
True,False,False,91.88964942639231,0.2463078709893806,91.8896 ± 0.2463,"True, False, False"
