quantum,invert_embedding,median,std,median_std,label
False,True,91.76093394893019,0.27914183294043926,91.7609 ± 0.2791,"False, True"
False,False,91.73793081440394,0.3302833108554153,91.7379 ± 0.3303,"False, False"
True,False,91.73018676878635,0.2755153977505844,91.7302 ± 0.2755,"True, False"
True,True,91.71673595547205,0.283018229526171,91.7167 ± 0.2830,"True, True"
