q_config,median,std,median_std,label
none,90.80854856883755,0.4594853930804136,90.8085 ± 0.4595,none
2x2,72.45964068402895,6.160831375967699,72.4596 ± 6.1608,2x2
nx1,71.48232150241037,6.358161583977542,71.4823 ± 6.3582,nx1
3x3,68.85290502787369,7.094788272509039,68.8529 ± 7.0948,3x3
