quantum,train_q,median,std,median_std
False,False,91.88230882275958,0.3018358407896724,91.8823 ± 0.3018
False,True,91.82857332998074,0.28591769431328024,91.8286 ± 0.2859
True,False,91.81093681925935,0.29496477992127546,91.8109 ± 0.2950
True,True,91.85726395667064,0.2688755823745473,91.8573 ± 0.2689
