quantum,U3_layers,entangling_layers,median,std,median_std,label
True,2,2,91.88791275868903,0.2900282735296434,91.8879 ± 0.2900,"True, 2, 2"
True,1,0,91.85942524400579,0.32627355100377947,91.8594 ± 0.3263,"True, 1, 0"
True,2,1,91.85721019273961,0.2585043483276126,91.8572 ± 0.2585,"True, 2, 1"
True,1,1,91.84736102779846,0.2725511630918668,91.8474 ± 0.2726,"True, 1, 1"
True,1,2,91.83008486977661,0.25985452084300104,91.8301 ± 0.2599,"True, 1, 2"
