q_config,median,std,median_std
none,88.52283020536404,0.17950642384530804,88.5228 ± 0.1795
patchwise,87.13671265532179,0.39184806183565685,87.1367 ± 0.3918
