quantum_classification,median,std,median_std,label
False,91.95372159206262,0.21274459621284106,91.9537 ± 0.2127,False
True,62.620412024916405,10.432215406548105,62.6204 ± 10.4322,True
