learning_rate,dropout,mlp_size,num_head,median,std,median_std,label
0.0025,0.175,9,48,91.89426016420879,0.18215627005719318,91.8943 ± 0.1822,"0.0025, 0.175, 9, 48"
0.0025,0.225,9,16,91.86287937272277,0.2949126886529438,91.8629 ± 0.2949,"0.0025, 0.225, 9, 16"
0.0075,0.225,3,16,91.84230365723836,0.24686981578613149,91.8423 ± 0.2469,"0.0075, 0.225, 3, 16"
0.0025,0.275,9,16,91.84140476567926,0.24201530612458344,91.8414 ± 0.2420,"0.0025, 0.275, 9, 16"
0.0025,0.225,3,16,91.82811771244232,0.2445176804159157,91.8281 ± 0.2445,"0.0025, 0.225, 3, 16"
