quantum,U3_layers,entangling_layers,median,std,median_std,label
False,0,0,91.95992837205792,0.24554203085158688,91.9599 ± 0.2455,"False, 0, 0"
True,2,1,91.9594813972533,0.2376751065759538,91.9595 ± 0.2377,"True, 2, 1"
True,1,2,91.93972203557044,0.256840140362639,91.9397 ± 0.2568,"True, 1, 2"
True,2,2,91.92492781000318,0.2576834033791956,91.9249 ± 0.2577,"True, 2, 2"
True,0,2,91.9140769224806,0.2703323212459838,91.9141 ± 0.2703,"True, 0, 2"
