selection_amount,median,std,median_std,label
20,94.39894137351511,0.315052929556708,94.3989 ± 0.3151,20
64,94.35586079770768,0.19335904851943705,94.3559 ± 0.1934,64
