quantum,train_q,train_r,median,std,median_std
False,False,False,91.70582990548968,0.2833464650443502,91.7058 ± 0.2833
True,False,False,91.7554602166053,0.29456740038424173,91.7555 ± 0.2946
True,False,True,91.69766000192135,0.26597695044226116,91.6977 ± 0.2660
True,True,False,91.76282215525775,0.3113731727531728,91.7628 ± 0.3114
True,True,True,91.8195759336475,0.284854939925384,91.8196 ± 0.2849
