preprocessor,median,std,median_std,label
none,92.02631838874119,0.22883508431937,92.0263 ± 0.2288,none
classical,91.92324408934269,0.36745149967490365,91.9232 ± 0.3675,classical
quantum,90.43420373585485,1.0609600759536661,90.4342 ± 1.0610,quantum
