special_cls,median,std,median_std,label
false,92.00890246558131,0.2545054620559144,92.0089 ± 0.2545,false
full_projection,91.931288444326,0.24646392960653418,91.9313 ± 0.2465,full_projection
partial_projection,91.88354245828032,0.2648756932280809,91.8835 ± 0.2649,partial_projection
replace_attention,91.74278762960786,0.26217007169186257,91.7428 ± 0.2622,replace_attention
