quantum,invert_embedding,median,std,median_std,label
False,False,91.7973943086684,0.3128878023432527,91.7974 ± 0.3129,"False, False"
True,False,91.74102005917246,0.2213382693780214,91.7410 ± 0.2213,"True, False"
True,True,91.72211170655675,0.307578583612374,91.7221 ± 0.3076,"True, True"
False,True,91.7147652358839,0.25234393113789144,91.7148 ± 0.2523,"False, True"
